{
    "activate": [
        {
            "body_id": 0,
            "restitution": 0.0012667827541008592,
            "friction_coefficient": 0.694097101688385,
            "mass": 0.4211510121822357,
            "inertia": [
                [
                    0.10000000149011612,
                    0.0,
                    0.0
                ],
                [
                    0.0,
                    0.10000000149011612,
                    0.0
                ],
                [
                    0.0,
                    0.0,
                    0.10000000149011612
                ]
            ]
        },
        {
            "body_id": 1,
            "restitution": 0.08862396329641342,
            "friction_coefficient": 0.08350702375173569,
            "mass": 1.0017530918121338,
            "inertia": [
                [
                    0.00916628073900938,
                    0.0,
                    0.0
                ],
                [
                    0.0,
                    0.009024098515510559,
                    0.0
                ],
                [
                    0.0,
                    0.0,
                    0.007880599237978458
                ]
            ]
        },
        {
            "body_id": 2,
            "restitution": 0.22324138879776,
            "friction_coefficient": 0.0042345295660197735,
            "mass": 1000.0,
            "inertia": [
                [
                    0.10000000149011612,
                    0.0,
                    0.0
                ],
                [
                    0.0,
                    0.10000000149011612,
                    0.0
                ],
                [
                    0.0,
                    0.0,
                    0.10000000149011612
                ]
            ]
        }
    ]
}