{
    "activate": [
        {
            "body_id": 0,
            "restitution": 0.01346653327345848,
            "friction_coefficient": 0.15344391763210297,
            "mass": 0.4211510121822357,
            "inertia": [
                [
                    0.10000000149011612,
                    0.0,
                    0.0
                ],
                [
                    0.0,
                    0.10000000149011612,
                    0.0
                ],
                [
                    0.0,
                    0.0,
                    0.10000000149011612
                ]
            ]
        },
        {
            "body_id": 1,
            "restitution": 0.2473340630531311,
            "friction_coefficient": 0.012008024379611015,
            "mass": 1.343963384628296,
            "inertia": [
                [
                    0.010764893144369125,
                    0.0,
                    0.0
                ],
                [
                    0.0,
                    0.011148449033498764,
                    0.0
                ],
                [
                    0.0,
                    0.0,
                    0.009192106314003468
                ]
            ]
        },
        {
            "body_id": 2,
            "restitution": 0.581712543964386,
            "friction_coefficient": 0.3578454852104187,
            "mass": 1000.0,
            "inertia": [
                [
                    0.10000000149011612,
                    0.0,
                    0.0
                ],
                [
                    0.0,
                    0.10000000149011612,
                    0.0
                ],
                [
                    0.0,
                    0.0,
                    0.10000000149011612
                ]
            ]
        }
    ]
}