{
    "activate": [
        {
            "body_id": 0,
            "restitution": 0.0007296038093045354,
            "friction_coefficient": 0.696447491645813,
            "mass": 0.4211510121822357,
            "inertia": [
                [
                    0.10000000149011612,
                    0.0,
                    0.0
                ],
                [
                    0.0,
                    0.10000000149011612,
                    0.0
                ],
                [
                    0.0,
                    0.0,
                    0.10000000149011612
                ]
            ]
        },
        {
            "body_id": 1,
            "restitution": 0.08210892975330353,
            "friction_coefficient": 0.06114230677485466,
            "mass": 1.0749808549880981,
            "inertia": [
                [
                    0.008133302442729473,
                    0.0,
                    0.0
                ],
                [
                    0.0,
                    0.00811141449958086,
                    0.0
                ],
                [
                    0.0,
                    0.0,
                    0.005371281411498785
                ]
            ]
        },
        {
            "body_id": 2,
            "restitution": 0.2171042561531067,
            "friction_coefficient": 0.0012558359885588288,
            "mass": 1000.0,
            "inertia": [
                [
                    0.10000000149011612,
                    0.0,
                    0.0
                ],
                [
                    0.0,
                    0.10000000149011612,
                    0.0
                ],
                [
                    0.0,
                    0.0,
                    0.10000000149011612
                ]
            ]
        }
    ]
}