{
    "activate": [
        {
            "body_id": 0,
            "restitution": 0.0008791658910922706,
            "friction_coefficient": 0.7158762216567993,
            "mass": 0.4211510121822357,
            "inertia": [
                [
                    0.10000000149011612,
                    0.0,
                    0.0
                ],
                [
                    0.0,
                    0.10000000149011612,
                    0.0
                ],
                [
                    0.0,
                    0.0,
                    0.10000000149011612
                ]
            ]
        },
        {
            "body_id": 1,
            "restitution": 0.07816865295171738,
            "friction_coefficient": 0.07742579281330109,
            "mass": 1.0298843383789062,
            "inertia": [
                [
                    0.008539392612874508,
                    0.0,
                    0.0
                ],
                [
                    0.0,
                    0.008385028690099716,
                    0.0
                ],
                [
                    0.0,
                    0.0,
                    0.006713244132697582
                ]
            ]
        },
        {
            "body_id": 2,
            "restitution": 0.20364277064800262,
            "friction_coefficient": 0.001961137866601348,
            "mass": 1000.0,
            "inertia": [
                [
                    0.10000000149011612,
                    0.0,
                    0.0
                ],
                [
                    0.0,
                    0.10000000149011612,
                    0.0
                ],
                [
                    0.0,
                    0.0,
                    0.10000000149011612
                ]
            ]
        }
    ]
}