{
    "activate": [
        {
            "body_id": 0,
            "restitution": 0.03155389800667763,
            "friction_coefficient": 0.2754872441291809,
            "mass": 0.4211510121822357,
            "inertia": [
                [
                    0.10000000149011612,
                    0.0,
                    0.0
                ],
                [
                    0.0,
                    0.10000000149011612,
                    0.0
                ],
                [
                    0.0,
                    0.0,
                    0.10000000149011612
                ]
            ]
        },
        {
            "body_id": 1,
            "restitution": 0.25120308995246887,
            "friction_coefficient": 0.029354175552725792,
            "mass": 1.1510926485061646,
            "inertia": [
                [
                    0.010205932892858982,
                    0.0,
                    0.0
                ],
                [
                    0.0,
                    0.010811411775648594,
                    0.0
                ],
                [
                    0.0,
                    0.0,
                    0.01127978041768074
                ]
            ]
        },
        {
            "body_id": 2,
            "restitution": 0.4938850402832031,
            "friction_coefficient": 0.48013150691986084,
            "mass": 1000.0,
            "inertia": [
                [
                    0.10000000149011612,
                    0.0,
                    0.0
                ],
                [
                    0.0,
                    0.10000000149011612,
                    0.0
                ],
                [
                    0.0,
                    0.0,
                    0.10000000149011612
                ]
            ]
        }
    ]
}