{
    "activate": [
        {
            "body_id": 0,
            "restitution": 0.00040643129614181817,
            "friction_coefficient": 0.7125184535980225,
            "mass": 0.4211510121822357,
            "inertia": [
                [
                    0.10000000149011612,
                    0.0,
                    0.0
                ],
                [
                    0.0,
                    0.10000000149011612,
                    0.0
                ],
                [
                    0.0,
                    0.0,
                    0.10000000149011612
                ]
            ]
        },
        {
            "body_id": 1,
            "restitution": 0.06620430201292038,
            "friction_coefficient": 0.05153670534491539,
            "mass": 1.1098203659057617,
            "inertia": [
                [
                    0.006257983855903149,
                    0.0,
                    0.0
                ],
                [
                    0.0,
                    0.007395309396088123,
                    0.0
                ],
                [
                    0.0,
                    0.0,
                    0.0032596143428236246
                ]
            ]
        },
        {
            "body_id": 2,
            "restitution": 0.17884650826454163,
            "friction_coefficient": 0.0005486023146659136,
            "mass": 1000.0,
            "inertia": [
                [
                    0.10000000149011612,
                    0.0,
                    0.0
                ],
                [
                    0.0,
                    0.10000000149011612,
                    0.0
                ],
                [
                    0.0,
                    0.0,
                    0.10000000149011612
                ]
            ]
        }
    ]
}