{
    "activate": [
        {
            "body_id": 0,
            "restitution": 0.001389983925037086,
            "friction_coefficient": 0.2866533398628235,
            "mass": 0.4211510121822357,
            "inertia": [
                [
                    0.10000000149011612,
                    0.0,
                    0.0
                ],
                [
                    0.0,
                    0.10000000149011612,
                    0.0
                ],
                [
                    0.0,
                    0.0,
                    0.10000000149011612
                ]
            ]
        },
        {
            "body_id": 1,
            "restitution": 0.5340726971626282,
            "friction_coefficient": 0.015066704712808132,
            "mass": 1.3332723379135132,
            "inertia": [
                [
                    0.010380278341472149,
                    0.0,
                    0.0
                ],
                [
                    0.0,
                    0.010835000313818455,
                    0.0
                ],
                [
                    0.0,
                    0.0,
                    0.0033714985474944115
                ]
            ]
        },
        {
            "body_id": 2,
            "restitution": 0.8409096598625183,
            "friction_coefficient": 0.11322340369224548,
            "mass": 1000.0,
            "inertia": [
                [
                    0.10000000149011612,
                    0.0,
                    0.0
                ],
                [
                    0.0,
                    0.10000000149011612,
                    0.0
                ],
                [
                    0.0,
                    0.0,
                    0.10000000149011612
                ]
            ]
        }
    ]
}