{
    "activate": [
        {
            "body_id": 0,
            "restitution": 0.003335320157930255,
            "friction_coefficient": 0.580556333065033,
            "mass": 0.4211510121822357,
            "inertia": [
                [
                    0.10000000149011612,
                    0.0,
                    0.0
                ],
                [
                    0.0,
                    0.10000000149011612,
                    0.0
                ],
                [
                    0.0,
                    0.0,
                    0.10000000149011612
                ]
            ]
        },
        {
            "body_id": 1,
            "restitution": 0.14590421319007874,
            "friction_coefficient": 0.07378223538398743,
            "mass": 0.9860491156578064,
            "inertia": [
                [
                    0.01000122632831335,
                    0.0,
                    0.0
                ],
                [
                    0.0,
                    0.009967190213501453,
                    0.0
                ],
                [
                    0.0,
                    0.0,
                    0.008961983025074005
                ]
            ]
        },
        {
            "body_id": 2,
            "restitution": 0.3325938284397125,
            "friction_coefficient": 0.011569262482225895,
            "mass": 1000.0,
            "inertia": [
                [
                    0.10000000149011612,
                    0.0,
                    0.0
                ],
                [
                    0.0,
                    0.10000000149011612,
                    0.0
                ],
                [
                    0.0,
                    0.0,
                    0.10000000149011612
                ]
            ]
        }
    ]
}