{
    "activate": [
        {
            "body_id": 0,
            "restitution": 0.003362309653311968,
            "friction_coefficient": 0.5844317078590393,
            "mass": 0.4211510121822357,
            "inertia": [
                [
                    0.10000000149011612,
                    0.0,
                    0.0
                ],
                [
                    0.0,
                    0.10000000149011612,
                    0.0
                ],
                [
                    0.0,
                    0.0,
                    0.10000000149011612
                ]
            ]
        },
        {
            "body_id": 1,
            "restitution": 0.14581520855426788,
            "friction_coefficient": 0.07483464479446411,
            "mass": 0.9836915731430054,
            "inertia": [
                [
                    0.010008779354393482,
                    0.0,
                    0.0
                ],
                [
                    0.0,
                    0.009969791397452354,
                    0.0
                ],
                [
                    0.0,
                    0.0,
                    0.008965561166405678
                ]
            ]
        },
        {
            "body_id": 2,
            "restitution": 0.3323673903942108,
            "friction_coefficient": 0.011523677967488766,
            "mass": 1000.0,
            "inertia": [
                [
                    0.10000000149011612,
                    0.0,
                    0.0
                ],
                [
                    0.0,
                    0.10000000149011612,
                    0.0
                ],
                [
                    0.0,
                    0.0,
                    0.10000000149011612
                ]
            ]
        }
    ]
}