{
    "activate": [
        {
            "body_id": 0,
            "restitution": 0.0008197234710678458,
            "friction_coefficient": 0.6937735080718994,
            "mass": 0.4211510121822357,
            "inertia": [
                [
                    0.10000000149011612,
                    0.0,
                    0.0
                ],
                [
                    0.0,
                    0.10000000149011612,
                    0.0
                ],
                [
                    0.0,
                    0.0,
                    0.10000000149011612
                ]
            ]
        },
        {
            "body_id": 1,
            "restitution": 0.0808425098657608,
            "friction_coefficient": 0.06121079996228218,
            "mass": 1.0721752643585205,
            "inertia": [
                [
                    0.007878917269408703,
                    0.0,
                    0.0
                ],
                [
                    0.0,
                    0.008045941591262817,
                    0.0
                ],
                [
                    0.0,
                    0.0,
                    0.005388142541050911
                ]
            ]
        },
        {
            "body_id": 2,
            "restitution": 0.21387799084186554,
            "friction_coefficient": 0.0011996014509350061,
            "mass": 1000.0,
            "inertia": [
                [
                    0.10000000149011612,
                    0.0,
                    0.0
                ],
                [
                    0.0,
                    0.10000000149011612,
                    0.0
                ],
                [
                    0.0,
                    0.0,
                    0.10000000149011612
                ]
            ]
        }
    ]
}