{
    "activate": [
        {
            "body_id": 0,
            "restitution": 0.011247502639889717,
            "friction_coefficient": 0.6630330681800842,
            "mass": 0.4211510121822357,
            "inertia": [
                [
                    0.10000000149011612,
                    0.0,
                    0.0
                ],
                [
                    0.0,
                    0.10000000149011612,
                    0.0
                ],
                [
                    0.0,
                    0.0,
                    0.10000000149011612
                ]
            ]
        },
        {
            "body_id": 1,
            "restitution": 0.0726713165640831,
            "friction_coefficient": 0.13585607707500458,
            "mass": 0.8019508123397827,
            "inertia": [
                [
                    0.010576246306300163,
                    0.0,
                    0.0
                ],
                [
                    0.0,
                    0.01067265123128891,
                    0.0
                ],
                [
                    0.0,
                    0.0,
                    0.009941589087247849
                ]
            ]
        },
        {
            "body_id": 2,
            "restitution": 0.18386691808700562,
            "friction_coefficient": 0.03823380917310715,
            "mass": 1000.0,
            "inertia": [
                [
                    0.10000000149011612,
                    0.0,
                    0.0
                ],
                [
                    0.0,
                    0.10000000149011612,
                    0.0
                ],
                [
                    0.0,
                    0.0,
                    0.10000000149011612
                ]
            ]
        }
    ]
}