{
    "activate": [
        {
            "body_id": 0,
            "restitution": 0.0005460841348394752,
            "friction_coefficient": 0.6982194185256958,
            "mass": 0.4211510121822357,
            "inertia": [
                [
                    0.10000000149011612,
                    0.0,
                    0.0
                ],
                [
                    0.0,
                    0.10000000149011612,
                    0.0
                ],
                [
                    0.0,
                    0.0,
                    0.10000000149011612
                ]
            ]
        },
        {
            "body_id": 1,
            "restitution": 0.08004117012023926,
            "friction_coefficient": 0.05206706002354622,
            "mass": 1.1037698984146118,
            "inertia": [
                [
                    0.007283888291567564,
                    0.0,
                    0.0
                ],
                [
                    0.0,
                    0.007760466076433659,
                    0.0
                ],
                [
                    0.0,
                    0.0,
                    0.0034180551301687956
                ]
            ]
        },
        {
            "body_id": 2,
            "restitution": 0.2156391590833664,
            "friction_coefficient": 0.0006722064572386444,
            "mass": 1000.0,
            "inertia": [
                [
                    0.10000000149011612,
                    0.0,
                    0.0
                ],
                [
                    0.0,
                    0.10000000149011612,
                    0.0
                ],
                [
                    0.0,
                    0.0,
                    0.10000000149011612
                ]
            ]
        }
    ]
}