{
    "activate": [
        {
            "body_id": 0,
            "restitution": 0.011146746575832367,
            "friction_coefficient": 0.6630764603614807,
            "mass": 0.4211510121822357,
            "inertia": [
                [
                    0.10000000149011612,
                    0.0,
                    0.0
                ],
                [
                    0.0,
                    0.10000000149011612,
                    0.0
                ],
                [
                    0.0,
                    0.0,
                    0.10000000149011612
                ]
            ]
        },
        {
            "body_id": 1,
            "restitution": 0.07266359776258469,
            "friction_coefficient": 0.13588696718215942,
            "mass": 0.801838219165802,
            "inertia": [
                [
                    0.010575735941529274,
                    0.0,
                    0.0
                ],
                [
                    0.0,
                    0.01067223772406578,
                    0.0
                ],
                [
                    0.0,
                    0.0,
                    0.00994003564119339
                ]
            ]
        },
        {
            "body_id": 2,
            "restitution": 0.18385151028633118,
            "friction_coefficient": 0.038204774260520935,
            "mass": 1000.0,
            "inertia": [
                [
                    0.10000000149011612,
                    0.0,
                    0.0
                ],
                [
                    0.0,
                    0.10000000149011612,
                    0.0
                ],
                [
                    0.0,
                    0.0,
                    0.10000000149011612
                ]
            ]
        }
    ]
}