{
    "activate": [
        {
            "body_id": 0,
            "restitution": 0.0005342068616300821,
            "friction_coefficient": 0.6962165832519531,
            "mass": 0.4211510121822357,
            "inertia": [
                [
                    0.10000000149011612,
                    0.0,
                    0.0
                ],
                [
                    0.0,
                    0.10000000149011612,
                    0.0
                ],
                [
                    0.0,
                    0.0,
                    0.10000000149011612
                ]
            ]
        },
        {
            "body_id": 1,
            "restitution": 0.07933829724788666,
            "friction_coefficient": 0.05211789533495903,
            "mass": 1.0963407754898071,
            "inertia": [
                [
                    0.00562260253354907,
                    0.0,
                    0.0
                ],
                [
                    0.0,
                    0.00739361671730876,
                    0.0
                ],
                [
                    0.0,
                    0.0,
                    0.003072295570746064
                ]
            ]
        },
        {
            "body_id": 2,
            "restitution": 0.21443159878253937,
            "friction_coefficient": 0.0005272082635201514,
            "mass": 1000.0,
            "inertia": [
                [
                    0.10000000149011612,
                    0.0,
                    0.0
                ],
                [
                    0.0,
                    0.10000000149011612,
                    0.0
                ],
                [
                    0.0,
                    0.0,
                    0.10000000149011612
                ]
            ]
        }
    ]
}