{
    "activate": [
        {
            "body_id": 0,
            "restitution": 0.03519044071435928,
            "friction_coefficient": 0.9295334219932556,
            "mass": 0.4211510121822357,
            "inertia": [
                [
                    0.10000000149011612,
                    0.0,
                    0.0
                ],
                [
                    0.0,
                    0.10000000149011612,
                    0.0
                ],
                [
                    0.0,
                    0.0,
                    0.10000000149011612
                ]
            ]
        },
        {
            "body_id": 1,
            "restitution": 0.011182427406311035,
            "friction_coefficient": 0.5281569957733154,
            "mass": 0.4055292010307312,
            "inertia": [
                [
                    0.009999999776482582,
                    0.0,
                    0.0
                ],
                [
                    0.0,
                    0.009999999776482582,
                    0.0
                ],
                [
                    0.0,
                    0.0,
                    0.009999999776482582
                ]
            ]
        },
        {
            "body_id": 2,
            "restitution": 0.03129800036549568,
            "friction_coefficient": 0.12272518128156662,
            "mass": 1000.0,
            "inertia": [
                [
                    0.10000000149011612,
                    0.0,
                    0.0
                ],
                [
                    0.0,
                    0.10000000149011612,
                    0.0
                ],
                [
                    0.0,
                    0.0,
                    0.10000000149011612
                ]
            ]
        }
    ]
}