{
    "activate": [
        {
            "body_id": 0,
            "restitution": 0.0004683519364334643,
            "friction_coefficient": 0.7005371451377869,
            "mass": 0.4211510121822357,
            "inertia": [
                [
                    0.10000000149011612,
                    0.0,
                    0.0
                ],
                [
                    0.0,
                    0.10000000149011612,
                    0.0
                ],
                [
                    0.0,
                    0.0,
                    0.10000000149011612
                ]
            ]
        },
        {
            "body_id": 1,
            "restitution": 0.07194087654352188,
            "friction_coefficient": 0.050110720098018646,
            "mass": 1.1122277975082397,
            "inertia": [
                [
                    0.006689940579235554,
                    0.0,
                    0.0
                ],
                [
                    0.0,
                    0.0075790761038661,
                    0.0
                ],
                [
                    0.0,
                    0.0,
                    0.00318531203083694
                ]
            ]
        },
        {
            "body_id": 2,
            "restitution": 0.19458836317062378,
            "friction_coefficient": 0.0005899204406887293,
            "mass": 1000.0,
            "inertia": [
                [
                    0.10000000149011612,
                    0.0,
                    0.0
                ],
                [
                    0.0,
                    0.10000000149011612,
                    0.0
                ],
                [
                    0.0,
                    0.0,
                    0.10000000149011612
                ]
            ]
        }
    ]
}