{
    "activate": [
        {
            "body_id": 0,
            "restitution": 0.0007702817674726248,
            "friction_coefficient": 0.6890129446983337,
            "mass": 0.4211510121822357,
            "inertia": [
                [
                    0.10000000149011612,
                    0.0,
                    0.0
                ],
                [
                    0.0,
                    0.10000000149011612,
                    0.0
                ],
                [
                    0.0,
                    0.0,
                    0.10000000149011612
                ]
            ]
        },
        {
            "body_id": 1,
            "restitution": 0.09704551100730896,
            "friction_coefficient": 0.05288391932845116,
            "mass": 1.092918038368225,
            "inertia": [
                [
                    0.006727421656250954,
                    0.0,
                    0.0
                ],
                [
                    0.0,
                    0.00775836780667305,
                    0.0
                ],
                [
                    0.0,
                    0.0,
                    0.0029933748301118612
                ]
            ]
        },
        {
            "body_id": 2,
            "restitution": 0.2587117552757263,
            "friction_coefficient": 0.0006575386505573988,
            "mass": 1000.0,
            "inertia": [
                [
                    0.10000000149011612,
                    0.0,
                    0.0
                ],
                [
                    0.0,
                    0.10000000149011612,
                    0.0
                ],
                [
                    0.0,
                    0.0,
                    0.10000000149011612
                ]
            ]
        }
    ]
}