{
    "activate": [
        {
            "body_id": 0,
            "restitution": 0.013663657940924168,
            "friction_coefficient": 0.6631162762641907,
            "mass": 0.4211510121822357,
            "inertia": [
                [
                    0.10000000149011612,
                    0.0,
                    0.0
                ],
                [
                    0.0,
                    0.10000000149011612,
                    0.0
                ],
                [
                    0.0,
                    0.0,
                    0.10000000149011612
                ]
            ]
        },
        {
            "body_id": 1,
            "restitution": 0.06046510860323906,
            "friction_coefficient": 0.1386871188879013,
            "mass": 0.8057987093925476,
            "inertia": [
                [
                    0.009503050707280636,
                    0.0,
                    0.0
                ],
                [
                    0.0,
                    0.010046164505183697,
                    0.0
                ],
                [
                    0.0,
                    0.0,
                    0.010990706272423267
                ]
            ]
        },
        {
            "body_id": 2,
            "restitution": 0.1560290902853012,
            "friction_coefficient": 0.44430848956108093,
            "mass": 1000.0,
            "inertia": [
                [
                    0.10000000149011612,
                    0.0,
                    0.0
                ],
                [
                    0.0,
                    0.10000000149011612,
                    0.0
                ],
                [
                    0.0,
                    0.0,
                    0.10000000149011612
                ]
            ]
        }
    ]
}