{
    "activate": [
        {
            "body_id": 0,
            "restitution": 0.000721451360732317,
            "friction_coefficient": 0.6921085715293884,
            "mass": 0.4211510121822357,
            "inertia": [
                [
                    0.10000000149011612,
                    0.0,
                    0.0
                ],
                [
                    0.0,
                    0.10000000149011612,
                    0.0
                ],
                [
                    0.0,
                    0.0,
                    0.10000000149011612
                ]
            ]
        },
        {
            "body_id": 1,
            "restitution": 0.09363263100385666,
            "friction_coefficient": 0.056067124009132385,
            "mass": 1.0885564088821411,
            "inertia": [
                [
                    0.007921484299004078,
                    0.0,
                    0.0
                ],
                [
                    0.0,
                    0.008005534298717976,
                    0.0
                ],
                [
                    0.0,
                    0.0,
                    0.003883329452946782
                ]
            ]
        },
        {
            "body_id": 2,
            "restitution": 0.2485208958387375,
            "friction_coefficient": 0.0009310299064964056,
            "mass": 1000.0,
            "inertia": [
                [
                    0.10000000149011612,
                    0.0,
                    0.0
                ],
                [
                    0.0,
                    0.10000000149011612,
                    0.0
                ],
                [
                    0.0,
                    0.0,
                    0.10000000149011612
                ]
            ]
        }
    ]
}