{
    "activate": [
        {
            "body_id": 0,
            "restitution": 0.0006549967802129686,
            "friction_coefficient": 0.6814715266227722,
            "mass": 0.4211510121822357,
            "inertia": [
                [
                    0.10000000149011612,
                    0.0,
                    0.0
                ],
                [
                    0.0,
                    0.10000000149011612,
                    0.0
                ],
                [
                    0.0,
                    0.0,
                    0.10000000149011612
                ]
            ]
        },
        {
            "body_id": 1,
            "restitution": 0.09942691773176193,
            "friction_coefficient": 0.05025000125169754,
            "mass": 1.1056435108184814,
            "inertia": [
                [
                    0.0075555285438895226,
                    0.0,
                    0.0
                ],
                [
                    0.0,
                    0.007923122495412827,
                    0.0
                ],
                [
                    0.0,
                    0.0,
                    0.0029390272684395313
                ]
            ]
        },
        {
            "body_id": 2,
            "restitution": 0.2643136978149414,
            "friction_coefficient": 0.0007304709288291633,
            "mass": 1000.0,
            "inertia": [
                [
                    0.10000000149011612,
                    0.0,
                    0.0
                ],
                [
                    0.0,
                    0.10000000149011612,
                    0.0
                ],
                [
                    0.0,
                    0.0,
                    0.10000000149011612
                ]
            ]
        }
    ]
}