{
    "activate": [
        {
            "body_id": 0,
            "restitution": 0.007292867172509432,
            "friction_coefficient": 0.1577771157026291,
            "mass": 0.4211510121822357,
            "inertia": [
                [
                    0.10000000149011612,
                    0.0,
                    0.0
                ],
                [
                    0.0,
                    0.10000000149011612,
                    0.0
                ],
                [
                    0.0,
                    0.0,
                    0.10000000149011612
                ]
            ]
        },
        {
            "body_id": 1,
            "restitution": 0.35187363624572754,
            "friction_coefficient": 0.011347219347953796,
            "mass": 1.3600292205810547,
            "inertia": [
                [
                    0.010891973972320557,
                    0.0,
                    0.0
                ],
                [
                    0.0,
                    0.011235151439905167,
                    0.0
                ],
                [
                    0.0,
                    0.0,
                    0.007890738546848297
                ]
            ]
        },
        {
            "body_id": 2,
            "restitution": 0.7050391435623169,
            "friction_coefficient": 0.30091845989227295,
            "mass": 1000.0,
            "inertia": [
                [
                    0.10000000149011612,
                    0.0,
                    0.0
                ],
                [
                    0.0,
                    0.10000000149011612,
                    0.0
                ],
                [
                    0.0,
                    0.0,
                    0.10000000149011612
                ]
            ]
        }
    ]
}