{
    "activate": [
        {
            "body_id": 0,
            "restitution": 0.004582117311656475,
            "friction_coefficient": 0.1756284087896347,
            "mass": 0.4211510121822357,
            "inertia": [
                [
                    0.10000000149011612,
                    0.0,
                    0.0
                ],
                [
                    0.0,
                    0.10000000149011612,
                    0.0
                ],
                [
                    0.0,
                    0.0,
                    0.10000000149011612
                ]
            ]
        },
        {
            "body_id": 1,
            "restitution": 0.35626766085624695,
            "friction_coefficient": 0.011618638411164284,
            "mass": 1.3609222173690796,
            "inertia": [
                [
                    0.010858067311346531,
                    0.0,
                    0.0
                ],
                [
                    0.0,
                    0.011163131333887577,
                    0.0
                ],
                [
                    0.0,
                    0.0,
                    0.006439195945858955
                ]
            ]
        },
        {
            "body_id": 2,
            "restitution": 0.7205727696418762,
            "friction_coefficient": 0.24473249912261963,
            "mass": 1000.0,
            "inertia": [
                [
                    0.10000000149011612,
                    0.0,
                    0.0
                ],
                [
                    0.0,
                    0.10000000149011612,
                    0.0
                ],
                [
                    0.0,
                    0.0,
                    0.10000000149011612
                ]
            ]
        }
    ]
}