{
    "activate": [
        {
            "body_id": 0,
            "restitution": 0.000831711629871279,
            "friction_coefficient": 0.6940455436706543,
            "mass": 0.4211510121822357,
            "inertia": [
                [
                    0.10000000149011612,
                    0.0,
                    0.0
                ],
                [
                    0.0,
                    0.10000000149011612,
                    0.0
                ],
                [
                    0.0,
                    0.0,
                    0.10000000149011612
                ]
            ]
        },
        {
            "body_id": 1,
            "restitution": 0.09231352061033249,
            "friction_coefficient": 0.05718564614653587,
            "mass": 1.0817995071411133,
            "inertia": [
                [
                    0.007289985194802284,
                    0.0,
                    0.0
                ],
                [
                    0.0,
                    0.007884056307375431,
                    0.0
                ],
                [
                    0.0,
                    0.0,
                    0.003863075515255332
                ]
            ]
        },
        {
            "body_id": 2,
            "restitution": 0.24543651938438416,
            "friction_coefficient": 0.000843761139549315,
            "mass": 1000.0,
            "inertia": [
                [
                    0.10000000149011612,
                    0.0,
                    0.0
                ],
                [
                    0.0,
                    0.10000000149011612,
                    0.0
                ],
                [
                    0.0,
                    0.0,
                    0.10000000149011612
                ]
            ]
        }
    ]
}