{
    "activate": [
        {
            "body_id": 0,
            "restitution": 0.023783626034855843,
            "friction_coefficient": 0.17038434743881226,
            "mass": 0.4211510121822357,
            "inertia": [
                [
                    0.10000000149011612,
                    0.0,
                    0.0
                ],
                [
                    0.0,
                    0.10000000149011612,
                    0.0
                ],
                [
                    0.0,
                    0.0,
                    0.10000000149011612
                ]
            ]
        },
        {
            "body_id": 1,
            "restitution": 0.3253921568393707,
            "friction_coefficient": 0.01498282141983509,
            "mass": 1.2934157848358154,
            "inertia": [
                [
                    0.010646860115230083,
                    0.0,
                    0.0
                ],
                [
                    0.0,
                    0.011135882697999477,
                    0.0
                ],
                [
                    0.0,
                    0.0,
                    0.010367712005972862
                ]
            ]
        },
        {
            "body_id": 2,
            "restitution": 0.630266010761261,
            "friction_coefficient": 0.4219014644622803,
            "mass": 1000.0,
            "inertia": [
                [
                    0.10000000149011612,
                    0.0,
                    0.0
                ],
                [
                    0.0,
                    0.10000000149011612,
                    0.0
                ],
                [
                    0.0,
                    0.0,
                    0.10000000149011612
                ]
            ]
        }
    ]
}