{
    "activate": [
        {
            "body_id": 0,
            "restitution": 0.0009316333453170955,
            "friction_coefficient": 0.3530143201351166,
            "mass": 0.4211510121822357,
            "inertia": [
                [
                    0.10000000149011612,
                    0.0,
                    0.0
                ],
                [
                    0.0,
                    0.10000000149011612,
                    0.0
                ],
                [
                    0.0,
                    0.0,
                    0.10000000149011612
                ]
            ]
        },
        {
            "body_id": 1,
            "restitution": 0.47777989506721497,
            "friction_coefficient": 0.01772058941423893,
            "mass": 1.3144558668136597,
            "inertia": [
                [
                    0.010064000263810158,
                    0.0,
                    0.0
                ],
                [
                    0.0,
                    0.010486338287591934,
                    0.0
                ],
                [
                    0.0,
                    0.0,
                    0.0035466537810862064
                ]
            ]
        },
        {
            "body_id": 2,
            "restitution": 0.8241940140724182,
            "friction_coefficient": 0.10063378512859344,
            "mass": 1000.0,
            "inertia": [
                [
                    0.10000000149011612,
                    0.0,
                    0.0
                ],
                [
                    0.0,
                    0.10000000149011612,
                    0.0
                ],
                [
                    0.0,
                    0.0,
                    0.10000000149011612
                ]
            ]
        }
    ]
}