{
    "activate": [
        {
            "body_id": 0,
            "restitution": 0.0032255109399557114,
            "friction_coefficient": 0.2049088180065155,
            "mass": 0.4211510121822357,
            "inertia": [
                [
                    0.10000000149011612,
                    0.0,
                    0.0
                ],
                [
                    0.0,
                    0.10000000149011612,
                    0.0
                ],
                [
                    0.0,
                    0.0,
                    0.10000000149011612
                ]
            ]
        },
        {
            "body_id": 1,
            "restitution": 0.3675149977207184,
            "friction_coefficient": 0.012407227419316769,
            "mass": 1.3549507856369019,
            "inertia": [
                [
                    0.010710630565881729,
                    0.0,
                    0.0
                ],
                [
                    0.0,
                    0.011065647006034851,
                    0.0
                ],
                [
                    0.0,
                    0.0,
                    0.004813868552446365
                ]
            ]
        },
        {
            "body_id": 2,
            "restitution": 0.7357978820800781,
            "friction_coefficient": 0.18404068052768707,
            "mass": 1000.0,
            "inertia": [
                [
                    0.10000000149011612,
                    0.0,
                    0.0
                ],
                [
                    0.0,
                    0.10000000149011612,
                    0.0
                ],
                [
                    0.0,
                    0.0,
                    0.10000000149011612
                ]
            ]
        }
    ]
}