{
    "activate": [
        {
            "body_id": 0,
            "restitution": 0.0006370767368935049,
            "friction_coefficient": 0.697224497795105,
            "mass": 0.4211510121822357,
            "inertia": [
                [
                    0.10000000149011612,
                    0.0,
                    0.0
                ],
                [
                    0.0,
                    0.10000000149011612,
                    0.0
                ],
                [
                    0.0,
                    0.0,
                    0.10000000149011612
                ]
            ]
        },
        {
            "body_id": 1,
            "restitution": 0.08235261589288712,
            "friction_coefficient": 0.0534035824239254,
            "mass": 1.09264075756073,
            "inertia": [
                [
                    0.00634685019031167,
                    0.0,
                    0.0
                ],
                [
                    0.0,
                    0.0075867874547839165,
                    0.0
                ],
                [
                    0.0,
                    0.0,
                    0.0033762608654797077
                ]
            ]
        },
        {
            "body_id": 2,
            "restitution": 0.22187116742134094,
            "friction_coefficient": 0.0005978522822260857,
            "mass": 1000.0,
            "inertia": [
                [
                    0.10000000149011612,
                    0.0,
                    0.0
                ],
                [
                    0.0,
                    0.10000000149011612,
                    0.0
                ],
                [
                    0.0,
                    0.0,
                    0.10000000149011612
                ]
            ]
        }
    ]
}