{
    "activate": [
        {
            "body_id": 0,
            "restitution": 0.00045601738383993506,
            "friction_coefficient": 0.7004550099372864,
            "mass": 0.4211510121822357,
            "inertia": [
                [
                    0.10000000149011612,
                    0.0,
                    0.0
                ],
                [
                    0.0,
                    0.10000000149011612,
                    0.0
                ],
                [
                    0.0,
                    0.0,
                    0.10000000149011612
                ]
            ]
        },
        {
            "body_id": 1,
            "restitution": 0.07326220721006393,
            "friction_coefficient": 0.05279683694243431,
            "mass": 1.0952614545822144,
            "inertia": [
                [
                    0.005045807454735041,
                    0.0,
                    0.0
                ],
                [
                    0.0,
                    0.007179346401244402,
                    0.0
                ],
                [
                    0.0,
                    0.0,
                    0.003170012729242444
                ]
            ]
        },
        {
            "body_id": 2,
            "restitution": 0.19804981350898743,
            "friction_coefficient": 0.0004944941611029208,
            "mass": 1000.0,
            "inertia": [
                [
                    0.10000000149011612,
                    0.0,
                    0.0
                ],
                [
                    0.0,
                    0.10000000149011612,
                    0.0
                ],
                [
                    0.0,
                    0.0,
                    0.10000000149011612
                ]
            ]
        }
    ]
}