{
    "activate": [
        {
            "body_id": 0,
            "restitution": 0.00121689320076257,
            "friction_coefficient": 0.6986040472984314,
            "mass": 0.4211510121822357,
            "inertia": [
                [
                    0.10000000149011612,
                    0.0,
                    0.0
                ],
                [
                    0.0,
                    0.10000000149011612,
                    0.0
                ],
                [
                    0.0,
                    0.0,
                    0.10000000149011612
                ]
            ]
        },
        {
            "body_id": 1,
            "restitution": 0.08927205204963684,
            "friction_coefficient": 0.08493957668542862,
            "mass": 0.9995890259742737,
            "inertia": [
                [
                    0.009153090417385101,
                    0.0,
                    0.0
                ],
                [
                    0.0,
                    0.009010957553982735,
                    0.0
                ],
                [
                    0.0,
                    0.0,
                    0.007850682362914085
                ]
            ]
        },
        {
            "body_id": 2,
            "restitution": 0.22492124140262604,
            "friction_coefficient": 0.004201393574476242,
            "mass": 1000.0,
            "inertia": [
                [
                    0.10000000149011612,
                    0.0,
                    0.0
                ],
                [
                    0.0,
                    0.10000000149011612,
                    0.0
                ],
                [
                    0.0,
                    0.0,
                    0.10000000149011612
                ]
            ]
        }
    ]
}