{
    "activate": [
        {
            "body_id": 0,
            "restitution": 0.0008108241599984467,
            "friction_coefficient": 0.7162454724311829,
            "mass": 0.4211510121822357,
            "inertia": [
                [
                    0.10000000149011612,
                    0.0,
                    0.0
                ],
                [
                    0.0,
                    0.10000000149011612,
                    0.0
                ],
                [
                    0.0,
                    0.0,
                    0.10000000149011612
                ]
            ]
        },
        {
            "body_id": 1,
            "restitution": 0.0794285386800766,
            "friction_coefficient": 0.07650730758905411,
            "mass": 1.033583641052246,
            "inertia": [
                [
                    0.008626997470855713,
                    0.0,
                    0.0
                ],
                [
                    0.0,
                    0.008417537435889244,
                    0.0
                ],
                [
                    0.0,
                    0.0,
                    0.006669132970273495
                ]
            ]
        },
        {
            "body_id": 2,
            "restitution": 0.20695021748542786,
            "friction_coefficient": 0.0019966375548392534,
            "mass": 1000.0,
            "inertia": [
                [
                    0.10000000149011612,
                    0.0,
                    0.0
                ],
                [
                    0.0,
                    0.10000000149011612,
                    0.0
                ],
                [
                    0.0,
                    0.0,
                    0.10000000149011612
                ]
            ]
        }
    ]
}