{
    "activate": [
        {
            "body_id": 0,
            "restitution": 0.0022638740483671427,
            "friction_coefficient": 0.24245034158229828,
            "mass": 0.4211510121822357,
            "inertia": [
                [
                    0.10000000149011612,
                    0.0,
                    0.0
                ],
                [
                    0.0,
                    0.10000000149011612,
                    0.0
                ],
                [
                    0.0,
                    0.0,
                    0.10000000149011612
                ]
            ]
        },
        {
            "body_id": 1,
            "restitution": 0.5119535326957703,
            "friction_coefficient": 0.013491895981132984,
            "mass": 1.345908761024475,
            "inertia": [
                [
                    0.010553515516221523,
                    0.0,
                    0.0
                ],
                [
                    0.0,
                    0.01101058442145586,
                    0.0
                ],
                [
                    0.0,
                    0.0,
                    0.003156275488436222
                ]
            ]
        },
        {
            "body_id": 2,
            "restitution": 0.8238028287887573,
            "friction_coefficient": 0.12659852206707,
            "mass": 1000.0,
            "inertia": [
                [
                    0.10000000149011612,
                    0.0,
                    0.0
                ],
                [
                    0.0,
                    0.10000000149011612,
                    0.0
                ],
                [
                    0.0,
                    0.0,
                    0.10000000149011612
                ]
            ]
        }
    ]
}